pandaid,creationtime,starttime,endtime,computingelement,assignedpriority,currentpriority,jobstatus,jobname,cpuconsumptiontime,computingsite,cpuconversion,job_walltime,job_queuetime,cpu_eff,destinationdblock,destinationse,sourcesite,transfertype,corecount,ninputdatafiles,inputfilebytes,noutputdatafiles,outputfilebytes,piloterrorcode,exeerrorcode,ddmerrorcode,jobdispatchererrorcode,taskbuffererrorcode,pilottiming
6486070333,2025-01-20 18:10:40,2025-01-20 18:24:44,2025-01-20 18:29:50,gridgk03.sdcc.bnl.gov:9619,1000,729,finished,user.jbroulim.data23_13p6TeV.00454163.physics_Main.merge.AFPLumiDataExtractor.r15774_p6304/.6486070333,172,BNL,1.0,306.0,844.0,0.5620915032679739,panda.um.user.jbroulim.data23_13p6TeV.00454163.physics_Main.merge.AFPLumiDataExtractor.r15774_p6304.log.584175763.584175763,,,direct,1,10.0,36362410102.0,1,278821,0,0,0,0,0,1|40|242|3|3|11
6480827241,2025-01-16 15:54:03,2025-01-16 18:58:14,2025-01-16 19:20:04,gridgk06.sdcc.bnl.gov:9619,1001,817,finished,user.jmcgowan.vbstools-ntuple-v04_run1.data18.p6479/.6477099426,1287,BNL,1.0,1310.0,11051.0,0.982442748091603,panda.um.user.jmcgowan.vbstools-ntuple-v04_run1.data18.p6479.log.583509071.583509071,,,direct,1,3.0,1982129803.0,2,147664,0,0,0,0,0,1|37|1245|5|0|8
6469126933,2025-01-07 08:18:48,2025-01-07 09:48:44,2025-01-07 11:23:56,gridgk07.sdcc.bnl.gov:9619,1000,270,finished,user.xinzhe.ZCharm_sample.700791.e8514_s4162_r15540_p6266/.6469126933,5756,BNL,1.0,5712.0,5396.0,1.007703081232493,user.xinzhe.ZCharm_sample.700791.e8514_s4162_r15540_p6266_TREE.582016912.582016912,,,direct,1,2.0,5084060422.0,1,46715405,0,0,0,0,0,0|38|5643|6|0|12
6480045860,2025-01-16 03:47:01,2025-01-16 04:02:00,2025-01-18 18:33:46,gridgk07.sdcc.bnl.gov:9619,1000,801,finished,user.uvandevo.SHbbyy_v1_inclusive.2025_01_15_T112234.data15_13TeV.periodAllYear.grp15_v01_p6255/.6480045860,233828,BNL,1.0,1800848.0,899.0,0.1298432738354375,user.uvandevo.SHbbyy_v1_inclusive.2025_01_15_T112234.data15_13TeV.periodAllYear.grp15_v01_p6255_TREE.583432266.583432266,,,direct,8,19.0,35047947126.0,1,34380,0,0,0,0,0,0|110|224931|14|4|35
6471665334,2025-01-09 04:57:51,2025-01-09 07:41:05,2025-01-09 07:49:59,gridgk03.sdcc.bnl.gov:9619,1000,-2794,finished,user.ltoffoli.periodAllYear.physics_Main.DAOD_PHYS.grp18_v01_p6266.v1_0_1_Afb_test8Jan/.6471092673,491,BNL,1.0,534.0,9794.0,0.9194756554307116,panda.um.user.ltoffoli.periodAllYear.physics_Main.DAOD_PHYS.grp18_v01_p6266.v1_0_1_Afb_test8Jan.log.582394146.582394146,,,direct,1,1.0,2000383538.0,1,68764,0,0,0,0,0,0|36|475|3|0|8
6471048237,2025-01-08 17:29:24,2025-01-08 20:26:15,2025-01-09 09:17:06,gridgk07.sdcc.bnl.gov:9619,1001,775,finished,user.dakiyama.data17_13TeV.periodI.DRAW_ZMUMU.t0pro22_v01.AOD.r11784.4l_20241231_ver0/.6462350633,345750,BNL,1.0,370008.0,10611.0,0.9344392553674516,user.dakiyama.data17_13TeV.periodI.DRAW_ZMUMU.t0pro22_v01.AOD.r11784.4l_20241231_ver0_EXT0.581992743.581992743,,,,8,3.0,5538256092.0,1,6675685253,0,0,0,0,0,0|17|46178|52|3|8
6485874606,2025-01-20 15:30:17,2025-01-20 17:07:41,2025-01-20 17:17:04,gridgk03.sdcc.bnl.gov:9619,1000,811,finished,user.jbroulim.data23_13p6TeV.00454163.physics_Main.merge.AFPLumiDataExtractor.r15774_p6304/.6485874606,223,BNL,1.0,563.0,5844.0,0.3960923623445826,panda.um.user.jbroulim.data23_13p6TeV.00454163.physics_Main.merge.AFPLumiDataExtractor.r15774_p6304.log.584133451.584133451,,,direct,1,9.0,34258563794.0,1,253189,0,0,0,0,0,0|106|422|3|3|16
6481021335,2025-01-16 18:27:28,2025-01-16 18:29:08,2025-01-16 18:29:58,gridgk03.sdcc.bnl.gov:9619,5000,5000,finished,user.jbootsma.VHcc1L_par_WP30_fHbb000_ftop015.R_1L_a_Merged_D_D.WenuB_Sh2211/.6480990304,42,BNL,1.0,50.0,100.0,0.84,user.jbootsma.VHcc1L_par_WP30_fHbb000_ftop015.R_1L_a_Merged_D_D.WenuB_Sh2211_hist.583550265.583550265,,,,1,4.0,1498706.0,1,822478,0,0,0,0,0,0|7|26|4|3|8
6492977569,2025-01-28 00:15:13,2025-01-28 00:16:24,2025-01-28 00:19:00,gridgk04.sdcc.bnl.gov:9619,5000,5000,finished,user.zhangbo.100004.DAOD_TOPQ1.e6798_a875_r10201_p4514.R21-v3alt-00/.6492502871,50,BNL,1.0,156.0,71.0,0.3205128205128205,user.zhangbo.100004.DAOD_TOPQ1.e6798_a875_r10201_p4514.R21-v3alt-00_output_root.585098706.585098706,,,,1,20.0,2794971411.0,1,2790127317,0,0,0,0,0,1|28|70|30|3|33
6479392453,2025-01-15 15:53:28,2025-01-15 19:54:50,2025-01-15 22:57:48,gridgk04.sdcc.bnl.gov:9619,1000,634,finished,user.toyamaza.data.2017.CharmAnalysis.v21.4/.6478519225,11072,BNL,1.0,10978.0,14482.0,1.0085625797048643,user.toyamaza.data.2017.CharmAnalysis.v21.4_EXT0.583206934.583206934,,,,1,5.0,5498306157.0,1,54062372,0,0,0,0,0,0|26|10898|59|3|11
6485967102,2025-01-20 16:45:07,2025-01-20 17:53:06,2025-01-20 18:10:21,gridgk03.sdcc.bnl.gov:9619,1000,539,finished,user.lihan.data18_13TeV.periodAllYear.physics_BphysLS.BPHY26_WJpsipi4.grp18_v01_p6071/.6485967102,884,BNL,1.0,1035.0,4079.0,0.8541062801932368,user.lihan.data18_13TeV.periodAllYear.physics_BphysLS.BPHY26_WJpsipi4.grp18_v01_p6071_BPHY26Analysis.584132598.584132598,,,direct,1,2.0,17354335315.0,1,89884575,0,0,0,0,0,0|35|973|7|0|6
6471637244,2025-01-09 04:38:18,2025-01-09 04:49:44,2025-01-09 05:02:02,gridgk06.sdcc.bnl.gov:9619,1000,-1282,finished,user.ltoffoli.periodAllYear.physics_Main.DAOD_PHYS.grp18_v01_p6266.v1_0_1_Afb_test8Jan/.6471637244,686,BNL,1.0,738.0,686.0,0.929539295392954,panda.um.user.ltoffoli.periodAllYear.physics_Main.DAOD_PHYS.grp18_v01_p6266.v1_0_1_Afb_test8Jan.log.582392799.582392799,,,direct,1,1.0,3297664326.0,1,102927,0,0,0,0,0,0|38|674|4|3|12
6464766004,2025-01-03 13:08:34,2025-01-03 13:20:00,2025-01-03 13:21:53,gridgk07.sdcc.bnl.gov:9619,1001,1001,finished,user.jbootsma.VHcc1L_par_WP20_fHbb020_ftop025_v2.R_1L_d_Merged_D_D.ZtautauB_Sh2211/.6464766004,81,BNL,1.0,113.0,686.0,0.7168141592920354,panda.um.user.jbootsma.VHcc1L_par_WP20_fHbb020_ftop025_v2.R_1L_d_Merged_D_D.ZtautauB_Sh2211.log.581147316.581147316,,,direct,1,1.0,168342618.0,1,114614,0,0,0,0,0,0|39|54|4|3|8
6468775657,2025-01-06 23:37:10,2025-01-07 01:17:12,2025-01-07 02:32:00,gridgk04.sdcc.bnl.gov:9619,1000,-3737,finished,user.rqian.periodAllYear.physics_Main.DAOD_PHYS.grp18_v01_p6479.2025-1-6-LH-qmisID-run2/.6468775657,4195,BNL,1.0,4488.0,6002.0,0.9347147950089126,panda.um.user.rqian.periodAllYear.physics_Main.DAOD_PHYS.grp18_v01_p6479.2025-1-6-LH-qmisID-run2.log.581964625.581964625,,,direct,1,10.0,16475658608.0,1,881507,0,0,0,0,0,0|41|4414|5|3|11
6468826964,2025-01-07 00:41:20,2025-01-07 01:44:36,2025-01-07 04:53:10,gridgk07.sdcc.bnl.gov:9619,1000,-3111,finished,user.aknue.410480.PhPy8EG.DAOD_TOPQ1.e6454_a875_r10724_p4514.212282_V1/.6468826964,11213,BNL,1.0,11314.0,3796.0,0.9910730068941136,panda.um.user.aknue.410480.PhPy8EG.DAOD_TOPQ1.e6454_a875_r10724_p4514.212282_V1.log.581974859.581974859,,,direct,1,5.0,18299336586.0,1,47755886,0,0,0,0,0,1|41|11249|7|3|10
6496868163,2025-01-30 17:17:43,2025-01-30 18:01:48,2025-01-30 19:07:49,gridgk06.sdcc.bnl.gov:9619,1000,484,finished,user.tuncay.nnpdf31_Tune_0006_DY_13TeV.1/.6496868163,3902,BNL,1.0,3961.0,2645.0,0.9851047715223428,user.tuncay.nnpdf31_Tune_0006_DY_13TeV.1_EXT0.585541287.585541287,,,,1,0.0,0.0,1,119406608,0,0,0,0,0,0|3|3907|8|3|28
6481462171,2025-01-17 02:59:51,2025-01-17 03:45:54,2025-01-19 09:57:52,gridgk04.sdcc.bnl.gov:9619,1000,300,finished,user.mfujimot.EJ_0_26_0_DefSyst_nFile1.700778.e8514_s4159_r15224_p6266/.6477433870,195771,BNL,1.0,195118.0,2763.0,1.0033466927705286,user.mfujimot.EJ_0_26_0_DefSyst_nFile1.700778.e8514_s4159_r15224_p6266_output-tree_HadHad.root.583078371.583078371,,,direct,1,1.0,3709740366.0,5,42191966,0,0,0,0,0,0|39|195029|19|64|9
6488104588,2025-01-22 15:31:04,2025-01-22 15:45:12,2025-01-22 16:15:45,gridgk04.sdcc.bnl.gov:9619,1000,-1478,finished,user.ltoffoli.periodAllYear.physics_Main.DAOD_PHYS.grp18_v01_p6266.v1_0_2_Afb_Nom_recoonly/.6488104588,1556,BNL,1.0,1833.0,848.0,0.8488816148390617,panda.um.user.ltoffoli.periodAllYear.physics_Main.DAOD_PHYS.grp18_v01_p6266.v1_0_2_Afb_Nom_recoonly.log.584451297.584451297,,,direct,1,4.0,10148053463.0,1,311766,0,0,0,0,0,1|65|1725|4|0|25
6482267409,2025-01-17 18:36:52,2025-01-17 21:02:06,2025-01-17 21:43:39,gridgk04.sdcc.bnl.gov:9619,1000,127,finished,user.rishikaw.L2IO_offvertex.data24.ver1.0-2/.6482267409,2478,BNL,1.0,2493.0,8714.0,0.9939831528279182,user.rishikaw.L2IO_offvertex.data24.ver1.0-2_EXT0.583875196.583875196,,,,1,7.0,63435161758.0,1,15231,0,0,0,0,0,0|182|2464|7|3|9
6490992721,2025-01-26 01:36:10,2025-01-26 05:38:32,2025-01-27 07:26:38,gridgk06.sdcc.bnl.gov:9619,1000,887,finished,user.jgombas.periodAllYear.physics_Main.DAOD_PHYS.grp18_v01_p6266.tbWp_data_250125-v1/.6490992721,88121,BNL,1.0,92886.0,14542.0,0.9487005576728464,panda.um.user.jgombas.periodAllYear.physics_Main.DAOD_PHYS.grp18_v01_p6266.tbWp_data_250125-v1.log.584829699.584829699,,,direct,1,120.0,364884239842.0,1,3009882,0,0,0,0,0,1|86|92762|13|3|10
6468755193,2025-01-06 23:21:08,2025-01-06 23:49:27,2025-01-07 01:25:34,gridgk06.sdcc.bnl.gov:9619,1000,-302,finished,user.aknue.410470.PhPy8EG.DAOD_TOPQ1.e6337_s3126_r10724_p4514.212282_V1/.6468755193,5827,BNL,1.0,5767.0,1699.0,1.0104040228888505,panda.um.user.aknue.410470.PhPy8EG.DAOD_TOPQ1.e6337_s3126_r10724_p4514.212282_V1.log.581962084.581962084,,,direct,1,5.0,8902904036.0,1,22894653,0,0,0,0,0,0|41|5693|6|3|15
6470857099,2025-01-08 15:21:06,2025-01-08 15:33:07,2025-01-08 15:43:05,gridgk04.sdcc.bnl.gov:9619,1000,-7687,finished,user.ltoffoli.periodAllYear.physics_Main.DAOD_PHYS.grp18_v01_p6266.v1_0_1_Afb_test8Jan/.6470857099,561,BNL,1.0,598.0,721.0,0.9381270903010034,panda.um.user.ltoffoli.periodAllYear.physics_Main.DAOD_PHYS.grp18_v01_p6266.v1_0_1_Afb_test8Jan.log.582312507.582312507,,,direct,1,1.0,2854033111.0,1,70228,0,0,0,0,0,0|35|540|3|0|9
6489222407,2025-01-23 17:45:10,2025-01-23 21:44:08,2025-01-24 02:02:57,gridgk06.sdcc.bnl.gov:9619,1000,866,finished,user.aaikot.bsm_hadhad_1.mc20_13TeV.701105.Sh_2214_WqqZll.PHYS.e8547_s3797_r13167_p6490.BSM1/.6488954443,15493,BNL,1.0,15529.0,14338.0,0.9976817567132462,panda.um.user.aaikot.bsm_hadhad_1.mc20_13TeV.701105.Sh_2214_WqqZll.PHYS.e8547_s3797_r13167_p6490.BSM1.log.584595992.584595992,,,direct,1,1.0,4828803151.0,2,203039383,0,0,0,0,0,0|38|15460|11|3|9
6468707938,2025-01-06 22:28:36,2025-01-06 22:42:54,2025-01-07 00:45:37,gridgk04.sdcc.bnl.gov:9619,1000,-1386,finished,user.yuanj.700788.Sh_2214_Zee_maxHTpTV2_CVetoBVeto.mc23d.r15530_p6491_stau_LA08/.6468707938,7222,BNL,1.0,7363.0,858.0,0.9808501969305988,user.yuanj.700788.Sh_2214_Zee_maxHTpTV2_CVetoBVeto.mc23d.r15530_p6491_stau_LA08_hist.581955060.581955060,,,direct,1,10.0,20547403013.0,2,518369777,0,0,0,0,0,1|40|7284|16|3|10
6482562972,2025-01-17 23:18:38,2025-01-17 23:21:14,2025-01-17 23:40:57,gridgk07.sdcc.bnl.gov:9619,1000,-313,finished,user.yesenia.data23_13p6TeV.merge.PAOD_2L.p6266_v5_bVetoAtLeat2jets_pT20/.6482284241,974,BNL,1.0,1183.0,156.0,0.8233305156382079,panda.um.user.yesenia.data23_13p6TeV.merge.PAOD_2L.p6266_v5_bVetoAtLeat2jets_pT20.log.583899118.583899118,,,direct,1,5.0,2819051201.0,1,3229363,0,0,0,0,0,1|40|1119|4|3|9
6477362584,2025-01-13 17:09:59,2025-01-13 17:21:08,2025-01-14 18:54:06,gridgk06.sdcc.bnl.gov:9619,1000,997,finished,user.jmcgowan.vbstools-ntuple-v04_run1.data18.p6479/.6477362584,80869,BNL,1.0,91978.0,669.0,0.8792211180934572,panda.um.user.jmcgowan.vbstools-ntuple-v04_run1.data18.p6479.log.583066990.583066990,,,direct,1,200.0,118202812000.0,2,5079605,0,0,0,0,0,1|111|91844|7|0|9
6480507494,2025-01-16 12:06:17,2025-01-16 12:23:23,2025-01-16 12:36:33,gridgk03.sdcc.bnl.gov:9619,1000,935,finished,user.fdattola.dyt_Z3D_8TeV_NNLO_Gmu_scheme_CC_costh_bin_1_NNPDF31_nnlo_as_0118_Y_0.2_0.4_VJREAL_v0/.6480507494,653,BNL,1.0,790.0,1026.0,0.8265822784810126,user.fdattola.dyt_Z3D_8TeV_NNLO_Gmu_scheme_CC_costh_bin_1_NNPDF31_nnlo_as_0118_Y_0.2_0.4_VJREAL_v0_results.root.583486503.583486503,,,direct,1,0.0,0.0,3,16464,0,0,0,0,0,0|3|640|136|0|0
6483372860,2025-01-18 15:23:13,2025-01-18 18:03:14,2025-01-18 18:49:27,gridgk04.sdcc.bnl.gov:9619,1000,-8931,finished,user.yiyu.ZQG_v0118_Run3.700788.e8514_s4162_r15540_p6491/.6483372860,2773,BNL,1.0,2773.0,9601.0,1.0,user.yiyu.ZQG_v0118_Run3.700788.e8514_s4162_r15540_p6491_TREE.583953772.583953772,,,direct,1,1.0,3252536656.0,1,21543377,0,0,0,0,0,0|38|2707|4|0|10
6486081473,2025-01-20 18:23:40,2025-01-20 20:41:47,2025-01-20 22:09:12,gridgk07.sdcc.bnl.gov:9619,1000,-1023,finished,user.aodellar.tp-analyse-selection_run2_r22-361106-EGAM1-e3601_s3681_r13145_p4940_20250120_115756/.6486081473,4343,BNL,1.0,5245.0,8287.0,0.8280266920877025,panda.um.user.aodellar.tp-analyse-selection_run2_r22-361106-EGAM1-e3601_s3681_r13145_p4940_20250120_115756.log.584178378.584178378,,,direct,1,1.0,6275497618.0,2,39124599,0,0,0,0,0,0|39|4520|635|70|29
6498792619,2025-02-01 03:17:49,2025-02-01 16:39:19,2025-02-01 21:07:40,gridgk07.sdcc.bnl.gov:9619,1000,-169,finished,user.dbabal.700891.Sh.DAOD_PHYS.e8514_s4159_r15530_p6491.TOPQ-2023-45-3L-20250129-syst-2/.6498508437,16067,BNL,1.0,16101.0,48090.0,0.9978883299173964,panda.um.user.dbabal.700891.Sh.DAOD_PHYS.e8514_s4159_r15530_p6491.TOPQ-2023-45-3L-20250129-syst-2.log.585771227.585771227,,,direct,1,1.0,1999263312.0,1,571977,0,0,0,0,0,0|38|16033|9|3|9
6491829597,2025-01-27 03:30:01,2025-01-27 05:03:07,2025-01-27 17:49:05,gridgk06.sdcc.bnl.gov:9619,1000,-341,finished,user.aad.v8.data16_13TeV.periodAllYear.grp16_v01_p6266/.6491829597,46085,BNL,1.0,45958.0,5586.0,1.002763392662866,user.aad.v8.data16_13TeV.periodAllYear.grp16_v01_p6266_TREE.584573657.584573657,,,direct,1,9.0,7001553682.0,1,620931,0,0,0,0,0,0|47|45865|10|3|14
6470893795,2025-01-08 15:34:15,2025-01-08 16:27:04,2025-01-08 16:31:09,gridgk07.sdcc.bnl.gov:9619,1000,-11254,finished,user.ltoffoli.periodAllYear.physics_Main.DAOD_PHYS.grp18_v01_p6266.v1_0_1_Afb_test8Jan/.6470893795,206,BNL,1.0,245.0,3169.0,0.8408163265306122,panda.um.user.ltoffoli.periodAllYear.physics_Main.DAOD_PHYS.grp18_v01_p6266.v1_0_1_Afb_test8Jan.log.582314270.582314270,,,direct,1,1.0,631217355.0,1,44064,0,0,0,0,0,1|36|188|3|0|6
6483769432,2025-01-19 00:30:47,2025-01-19 00:37:02,2025-01-19 02:41:46,gridgk06.sdcc.bnl.gov:9619,1000,-1646,finished,user.rnagasak.Z_mumu.700325.e8351_s3681_r13145_p6266_EWKRadiative_v8.5_noSys_t2/.6483769432,7612,BNL,1.0,7484.0,375.0,1.017103153393907,panda.um.user.rnagasak.Z_mumu.700325.e8351_s3681_r13145_p6266_EWKRadiative_v8.5_noSys_t2.log.583985944.583985944,,,direct,1,2.0,11641140280.0,3,610558,0,0,0,0,0,0|39|7419|9|3|6
6465975453,2025-01-04 19:46:06,2025-01-04 21:15:47,2025-01-05 06:45:31,gridgk07.sdcc.bnl.gov:9619,1000,772,finished,user.angianni.830103.H7EG.DAOD_JETM6.e8412_s3126_r9364_p5313.hadronic_mc16a_26dec24h2/.6465975453,32138,BNL,1.0,34184.0,5381.0,0.940147437397613,panda.um.user.angianni.830103.H7EG.DAOD_JETM6.e8412_s3126_r9364_p5313.hadronic_mc16a_26dec24h2.log.581362788.581362788,,,direct,1,2.0,13735069697.0,1,2261967950,0,0,0,0,0,0|40|34068|47|0|10
6492259999,2025-01-27 14:17:31,2025-01-27 15:37:50,2025-01-27 20:22:33,gridgk04.sdcc.bnl.gov:9619,1000,708,finished,user.fgiuli.dyt_Ai_NLO_wm_13_CT18NNLO_as_0118_kmuren_1_kmufac_1_qt_default_m_1_1_70_Y_0.6_0.8_VJLO_v0/.6492259999,16735,BNL,1.0,17083.0,4819.0,0.9796288708072352,user.fgiuli.dyt_Ai_NLO_wm_13_CT18NNLO_as_0118_kmuren_1_kmufac_1_qt_default_m_1_1_70_Y_0.6_0.8_VJLO_v0_results.root.584983817.584983817,,,direct,1,0.0,0.0,3,30883,0,0,0,0,0,0|2|17053|17|0|0
6481993515,2025-01-17 13:21:53,2025-01-17 13:33:02,2025-01-17 15:37:29,gridgk07.sdcc.bnl.gov:9619,1000,849,finished,user.yesenia.mc23_13p6TeV.HWW.Bkg_mc23d.merge.PAOD_2L.NbjetsAtleast2.p6266_v5_bJets_pT10/.6481993515,6464,BNL,1.0,7467.0,669.0,0.8656756394803803,panda.um.user.yesenia.mc23_13p6TeV.HWW.Bkg_mc23d.merge.PAOD_2L.NbjetsAtleast2.p6266_v5_bJets_pT10.log.583819837.583819837,,,direct,1,5.0,32894830959.0,1,7379776,0,0,0,0,0,0|39|7398|5|3|11
6467917098,2025-01-06 06:54:05,2025-01-06 07:01:01,2025-01-06 07:21:22,gridgk04.sdcc.bnl.gov:9619,1000,994,finished,user.hiito.HSMthth.mc23_13p6TeV.601703.PhPy8_dijet_JZ4.PHYS.e8514_s4162_r15540_p6491.250106/.6467917098,1190,BNL,1.0,1221.0,416.0,0.9746109746109746,panda.um.user.hiito.HSMthth.mc23_13p6TeV.601703.PhPy8_dijet_JZ4.PHYS.e8514_s4162_r15540_p6491.250106.log.581784792.581784792,,,direct,1,1.0,3479421059.0,2,66722,0,0,0,0,0,0|38|1154|5|3|11
6478784005,2025-01-15 03:21:30,2025-01-15 07:06:21,2025-01-15 09:34:27,gridgk04.sdcc.bnl.gov:9619,1000,723,finished,user.kbai.mc20_13TeV.364702.Pythia8EvtGen_A14NNPDF23LO_jetjet_JZ2WithSW_fulltruth.recon.DAOD_LLP1.e7142_s3681_r13167/.6478784005,68355,BNL,1.0,71088.0,13491.0,0.961554692775152,user.kbai.mc20_13TeV.364702.Pythia8EvtGen_A14NNPDF23LO_jetjet_JZ2WithSW_fulltruth.recon.DAOD_LLP1.e7142_s3681_r13167_EXT0.583226009.583226009,,,,8,1.0,11354847257.0,1,78156902,0,0,0,0,0,0|114|8855|10|3|8
6486774867,2025-01-21 11:20:34,2025-01-21 12:19:47,2025-01-21 12:42:23,gridgk07.sdcc.bnl.gov:9619,1000,435,finished,user.mamelche.tp-analyse-zreco_22_phi_TWO-data22_13p6TeV-EGAM1-grp22_v01_p5859_20250120_220446/.6486385558,1254,BNL,1.0,1356.0,3553.0,0.9247787610619468,panda.um.user.mamelche.tp-analyse-zreco_22_phi_TWO-data22_13p6TeV-EGAM1-grp22_v01_p5859_20250120_220446.log.584256638.584256638,,,direct,1,2.0,2370173071.0,2,1224491,0,0,0,0,0,0|79|1260|8|3|7
6468636537,2025-01-06 20:47:50,2025-01-06 20:48:36,2025-01-07 07:18:32,gridgk04.sdcc.bnl.gov:9619,1000,729,finished,user.ctian.data23_13p6TeV.periodAllYear.physics_Main.PhysCont.j118.s0.d.eeCR_jetvar/.6468636537,30179,BNL,1.0,37796.0,46.0,0.7984707376441952,panda.um.user.ctian.data23_13p6TeV.periodAllYear.physics_Main.PhysCont.j118.s0.d.eeCR_jetvar.log.581937817.581937817,,,direct,1,40.0,116479159254.0,2,6346527,0,0,0,0,0,1|56|37696|14|0|17
6488144349,2025-01-22 16:30:23,2025-01-22 16:30:52,2025-01-22 16:31:14,gridgk03.sdcc.bnl.gov:9619,0,2000,finished,user.mzaazoua.MyWtoZRatioAnalysis_DAOD_PHYsTest73.Znunu700335_9.root/,22,BNL,1.0,22.0,29.0,1.0,panda.0122163020.366307.lib._43015343,BNL/SCORE,,,1,,,1,4565358,0,0,0,0,0,0|0|12|3|0|11
6467891887,2025-01-06 06:22:12,2025-01-06 06:37:39,2025-01-06 07:02:14,gridgk04.sdcc.bnl.gov:9619,1000,-5088,finished,user.lkretsch.Zee_CVBV.JET_JERUnc_Noise_PreRec_PseudoData__1down.tchannel_TopMass_conv_v5.1_mc20e/.6467891887,1422,BNL,1.0,1475.0,927.0,0.9640677966101696,user.lkretsch.Zee_CVBV.JET_JERUnc_Noise_PreRec_PseudoData__1down.tchannel_TopMass_conv_v5.1_mc20e_wuto_XYZ.tgz.581782043.581782043,,,direct,1,2.0,8099909533.0,1,40553,0,0,0,0,0,0|37|1419|4|0|-1
6486406356,2025-01-21 00:38:11,2025-01-21 01:59:29,2025-01-21 02:42:24,gridgk04.sdcc.bnl.gov:9619,1000,988,finished,user.yilin.tp-analyse-MC_10_to_15_2022-801277-EGAM2-e8542_s4162_r14622_p6599_20250120_180311/.6486406356,2455,BNL,1.0,2575.0,4878.0,0.9533980582524272,panda.um.user.yilin.tp-analyse-MC_10_to_15_2022-801277-EGAM2-e8542_s4162_r14622_p6599_20250120_180311.log.584209259.584209259,,,direct,1,4.0,27435042767.0,2,2536368,0,0,0,0,0,0|38|2519|5|3|5
6492222811,2025-01-27 13:34:28,2025-01-27 16:56:53,2025-01-27 17:46:52,gridgk04.sdcc.bnl.gov:9619,1000,-1534,finished,user.mghani.700342.DAOD_TOPQ1.e8351_s3126_r9364_p4514.R21-v3nom-00/.6492222811,3008,BNL,1.0,2999.0,12145.0,1.0030010003334444,panda.um.user.mghani.700342.DAOD_TOPQ1.e8351_s3126_r9364_p4514.R21-v3nom-00.log.584973599.584973599,,,direct,1,1.0,3881812093.0,1,4680548,0,0,0,0,0,0|38|2939|3|3|8
6467843850,2025-01-06 05:34:41,2025-01-06 05:42:46,2025-01-06 06:06:12,gridgk04.sdcc.bnl.gov:9619,1000,-4378,finished,user.lkretsch.Zee_CFBV.JET_Flavor_Response__1up.tchannel_TopMass_conv_v5.1_mc20e/.6467843850,1336,BNL,1.0,1406.0,485.0,0.9502133712660028,user.lkretsch.Zee_CFBV.JET_Flavor_Response__1up.tchannel_TopMass_conv_v5.1_mc20e_wuto_XYZ.tgz.581777480.581777480,,,direct,1,2.0,7796341518.0,1,155062,0,0,0,0,0,0|37|1354|3|3|0
6467262104,2025-01-05 17:47:58,2025-01-05 18:02:51,2025-01-05 21:14:11,gridgk03.sdcc.bnl.gov:9619,1000,-801,finished,user.aknue.364254.Sherpa.DAOD_TOPQ1.e5916_s3126_r10201_p4512.212282_V1_SYS/.6467262104,11333,BNL,1.0,11480.0,893.0,0.9871951219512196,panda.um.user.aknue.364254.Sherpa.DAOD_TOPQ1.e5916_s3126_r10201_p4512.212282_V1_SYS.log.581647297.581647297,,,direct,1,1.0,3481555804.0,1,5249495,0,0,0,0,0,1|39|11397|6|0|18
6469298490,2025-01-07 12:12:59,2025-01-07 12:16:50,2025-01-07 16:37:43,gridgk06.sdcc.bnl.gov:9619,1000,997,finished,user.nibrahim.periodG.physics_Main.DAOD_STDM4.grp23_v01_p4238.HMDY_012025_data15/.6469298490,15547,BNL,1.0,15653.0,231.0,0.9932281351817543,panda.um.user.nibrahim.periodG.physics_Main.DAOD_STDM4.grp23_v01_p4238.HMDY_012025_data15.log.582048847.582048847,,,direct,1,20.0,58346887684.0,1,12712682,0,0,0,0,0,0|43|15583|5|0|7
6462959137,2025-01-02 09:28:21,2025-01-02 16:33:37,2025-01-02 16:48:55,gridgk03.sdcc.bnl.gov:9619,1000,47,finished,user.minlin.easybc_1e0bCR_mc23d_v1.701125.e8543_s4159_r15224_p6266/.6462959137,879,BNL,1.0,918.0,25516.0,0.9575163398692812,user.minlin.easybc_1e0bCR_mc23d_v1.701125.e8543_s4159_r15224_p6266_TREE.581037495.581037495,,,direct,1,1.0,3071680959.0,1,11351806,0,0,0,0,0,0|36|859|3|3|7
6471661661,2025-01-09 04:55:22,2025-01-09 07:34:57,2025-01-09 07:43:18,gridgk06.sdcc.bnl.gov:9619,1000,-2641,finished,user.ltoffoli.periodAllYear.physics_Main.DAOD_PHYS.grp18_v01_p6266.v1_0_1_Afb_test8Jan/.6471233567,455,BNL,1.0,501.0,9575.0,0.908183632734531,panda.um.user.ltoffoli.periodAllYear.physics_Main.DAOD_PHYS.grp18_v01_p6266.v1_0_1_Afb_test8Jan.log.582393980.582393980,,,direct,1,1.0,1753760726.0,1,62730,0,0,0,0,0,0|36|435|3|0|11
6461584839,2024-12-31 13:12:48,2024-12-31 13:39:22,2024-12-31 14:12:46,gridgk07.sdcc.bnl.gov:9619,1000,-1662,finished,user.yiyu.ssWWVBS_v1231_run2.700399.e8338_s3681_r13144_p6266/.6461584839,1979,BNL,1.0,2004.0,1594.0,0.9875249500998003,user.yiyu.ssWWVBS_v1231_run2.700399.e8338_s3681_r13144_p6266_TREE.580913766.580913766,,,direct,1,1.0,3247550624.0,1,11840946,0,0,0,0,0,0|35|1950|4|0|5
6476830406,2025-01-13 07:33:44,2025-01-13 08:51:12,2025-01-13 09:18:10,gridgk04.sdcc.bnl.gov:9619,1001,1001,finished,user.hiito.HAtlth.mc23_13p6TeV.701110.Sh_2214_WqqZvv.PHYS.e8543_s4162_r14622_p6491.250113/.6476830406,1455,BNL,1.0,1618.0,4648.0,0.8992583436341162,panda.um.user.hiito.HAtlth.mc23_13p6TeV.701110.Sh_2214_WqqZvv.PHYS.e8543_s4162_r14622_p6491.250113.log.582985959.582985959,,,direct,1,5.0,16060153619.0,2,196784,0,0,0,0,0,0|39|1544|6|3|13
6488889880,2025-01-23 09:26:22,2025-01-23 09:30:04,2025-01-23 11:55:28,gridgk06.sdcc.bnl.gov:9619,1000,-187,finished,user.hiito.HAtlth.mc20_13TeV.410482.PhPy8_ttb_hdamp517p5_dil.PHYS.e6454_a907_r14860_p6490.250122/.6488889880,8493,BNL,1.0,8724.0,222.0,0.9735213204951856,panda.um.user.hiito.HAtlth.mc20_13TeV.410482.PhPy8_ttb_hdamp517p5_dil.PHYS.e6454_a907_r14860_p6490.250122.log.584550286.584550286,,,direct,1,5.0,20017296084.0,2,84658446,0,0,0,0,0,0|39|8648|16|3|7
6473397225,2025-01-10 07:48:54,2025-01-10 08:15:30,2025-01-10 09:03:00,gridgk07.sdcc.bnl.gov:9619,1000,159,finished,user.ktsuri.periodAllYear.physics_Main.DAOD_PHYS.grp18_v01_p6266.241219v1_withoutOverlapRemoval/.6473397225,2800,BNL,1.0,2850.0,1596.0,0.9824561403508772,panda.um.user.ktsuri.periodAllYear.physics_Main.DAOD_PHYS.grp18_v01_p6266.241219v1_withoutOverlapRemoval.log.582562912.582562912,,,direct,1,5.0,12323716382.0,1,101547441,0,0,0,0,0,0|38|2793|5|3|6
6463690983,2025-01-02 21:04:00,2025-01-02 22:01:50,2025-01-02 22:37:03,gridgk03.sdcc.bnl.gov:9619,1000,-2282,finished,user.minlin.easybc_1e0bCR_mc23d_v1.700788.e8514_s4159_r15530_p6266/.6463690983,2114,BNL,1.0,2113.0,3470.0,1.0004732607666824,user.minlin.easybc_1e0bCR_mc23d_v1.700788.e8514_s4159_r15530_p6266_TREE.580997849.580997849,,,direct,1,1.0,2838448085.0,1,21756290,0,0,0,0,0,0|38|2050|4|3|10
6477146410,2025-01-13 14:23:30,2025-01-13 14:24:06,2025-01-14 01:20:49,gridgk03.sdcc.bnl.gov:9619,1000,999,finished,user.kbai.2025_01_13_dijetJZ2_fulltruth.kbai.e8514_a911_r15224_EXT0/.6477146410,36935,BNL,1.0,39403.0,36.0,0.937365175240464,user.kbai.2025_01_13_dijetJZ2_fulltruth.kbai.e8514_a911_r15224_EXT0_TREE.583035232.583035232,,,direct,1,200.0,497882797764.0,1,6342499,0,0,0,0,0,1|110|39264|8|0|12
6486423360,2025-01-21 00:53:36,2025-01-21 01:13:29,2025-01-21 01:17:07,gridgk06.sdcc.bnl.gov:9619,1000,-249,finished,user.ecarpent.tp-analyse-selection_rel24_tight_F_mrgd-data23_13p6TeV-EGAM1-grp23_v01_p5859_p_20250121_011610/.6486423360,179,BNL,1.0,218.0,1193.0,0.8211009174311926,panda.um.user.ecarpent.tp-analyse-selection_rel24_tight_F_mrgd-data23_13p6TeV-EGAM1-grp23_v01_p5859_p_20250121_011610.log.584211435.584211435,,,direct,1,5.0,881992453.0,2,12234,0,0,0,0,0,1|38|159|4|2|7
6484337550,2025-01-19 09:42:54,2025-01-19 09:53:13,2025-01-19 16:30:36,gridgk04.sdcc.bnl.gov:9619,1000,-22,finished,user.maharris.601230.PhPy8EG.DAOD_PHYS.e8514_s4159_r15530_p6623.production_01_18_2024/.6484337550,23896,BNL,1.0,23843.0,619.0,1.0022228746382589,panda.um.user.maharris.601230.PhPy8EG.DAOD_PHYS.e8514_s4159_r15530_p6623.production_01_18_2024.log.584015465.584015465,,,direct,1,1.0,2952371087.0,1,7779288,0,0,0,0,0,0|40|23768|14|4|9
6478159171,2025-01-14 13:58:04,2025-01-14 14:05:01,2025-01-14 14:06:46,gridgk03.sdcc.bnl.gov:9619,5000,5000,finished,user.jbroulim.data23_13p6TeV.00452202.physics_Main.merge.AFPLumiDataExtractor.r15774_p6304/.6478149807,34,BNL,1.0,105.0,417.0,0.3238095238095238,user.jbroulim.data23_13p6TeV.00452202.physics_Main.merge.AFPLumiDataExtractor.r15774_p6304_ANALYSIS.583173316.583173316,,,,1,20.0,596778.0,1,13870,0,0,0,0,0,0|11|60|5|3|24
6463864561,2025-01-02 22:56:44,2025-01-02 22:58:38,2025-01-02 23:14:04,gridgk04.sdcc.bnl.gov:9619,1000,-2211,finished,user.awarnerb.periodAllYear.physics_Main.DAOD_PHYS.grp18_v01_p6266.full_syst_SFs_010125/.6463864561,878,BNL,1.0,926.0,114.0,0.9481641468682506,panda.um.user.awarnerb.periodAllYear.physics_Main.DAOD_PHYS.grp18_v01_p6266.full_syst_SFs_010125.log.581084289.581084289,,,direct,1,1.0,3981317697.0,1,35094,0,0,0,0,0,0|36|862|4|0|9
6467075777,2025-01-05 14:21:37,2025-01-05 19:13:18,2025-01-05 21:01:23,gridgk06.sdcc.bnl.gov:9619,1000,-8199,finished,user.yiyu.ZCharm_v0106_Run2.506194.e8382_s3681_r13145_p6266/.6467075777,6333,BNL,1.0,6485.0,17501.0,0.9765612952968388,user.yiyu.ZCharm_v0106_Run2.506194.e8382_s3681_r13145_p6266_TREE.581574176.581574176,,,direct,1,1.0,5670645349.0,1,39329134,0,0,0,0,0,0|44|6395|6|4|22
6488791247,2025-01-23 07:21:03,2025-01-23 07:27:45,2025-01-23 07:48:43,gridgk04.sdcc.bnl.gov:9619,1000,480,finished,user.hiito.HAtlth.data18_13TeV.periodAllYear.physics_Main.PHYS.grp18_v01_p6479.250120_NoMuOLR/.6488791247,1146,BNL,1.0,1258.0,402.0,0.9109697933227344,panda.um.user.hiito.HAtlth.data18_13TeV.periodAllYear.physics_Main.PHYS.grp18_v01_p6479.250120_NoMuOLR.log.584543283.584543283,,,direct,1,5.0,4522674480.0,2,2711679,0,0,0,0,0,0|38|1191|9|0|9
6482697576,2025-01-18 02:05:25,2025-01-18 02:17:28,2025-01-18 02:59:58,gridgk06.sdcc.bnl.gov:9619,1000,908,finished,user.ctian.tp-analyse-data_2018-data18_13TeV-EGAM2-grp18_v01_p6285_20250117_224607/.6482697576,2516,BNL,1.0,2550.0,723.0,0.9866666666666668,panda.um.user.ctian.tp-analyse-data_2018-data18_13TeV-EGAM2-grp18_v01_p6285_20250117_224607.log.583921795.583921795,,,direct,1,60.0,1917930651.0,2,4333364,0,0,0,0,0,1|59|2464|5|3|11
6483710109,2025-01-18 23:04:27,2025-01-19 02:31:35,2025-01-19 09:19:43,gridgk04.sdcc.bnl.gov:9619,1000,168,finished,user.maharris.700788.Sh.DAOD_PHYS.e8514_s4159_r15530_p6491.production_01_18_2024/.6483710109,25038,BNL,1.0,24488.0,12428.0,1.0224599803985626,panda.um.user.maharris.700788.Sh.DAOD_PHYS.e8514_s4159_r15530_p6491.production_01_18_2024.log.583974747.583974747,,,direct,1,1.0,2119139334.0,1,3004365,0,0,0,0,0,0|38|24422|6|0|7
6495644115,2025-01-29 21:55:54,2025-01-30 06:08:11,2025-01-30 14:20:28,gridgk04.sdcc.bnl.gov:9619,1000,136,finished,user.maharris.700788.Sh.DAOD_PHYS.e8514_s4159_r15530_p6491.electronFakes_1_28_2025/.6495644115,30582,BNL,1.0,29537.0,29537.0,1.0353793547076549,panda.um.user.maharris.700788.Sh.DAOD_PHYS.e8514_s4159_r15530_p6491.electronFakes_1_28_2025.log.585402255.585402255,,,direct,1,1.0,2424788610.0,1,1412690040,0,0,0,0,0,0|39|29467|14|3|9
6492693875,2025-01-27 20:36:28,2025-01-28 08:07:54,2025-01-28 10:15:55,gridgk04.sdcc.bnl.gov:9619,1000,-5191,finished,user.awarnerb.410470.DAOD_TOPQ1.e6337_s3126_r10724_p4514.R21-v3-00/.6492693875,7000,BNL,1.0,7681.0,41486.0,0.9113396693138914,panda.um.user.awarnerb.410470.DAOD_TOPQ1.e6337_s3126_r10724_p4514.R21-v3-00.log.585074973.585074973,,,direct,1,1.0,3559091034.0,1,174627129,0,0,0,0,0,0|48|7571|8|3|32
6468447179,2025-01-06 17:02:40,2025-01-06 17:33:20,2025-01-07 03:39:27,gridgk03.sdcc.bnl.gov:9619,1000,35,finished,user.rqian.700325.Sh.DAOD_PHYS.e8351_s3681_r13167_p6490.2014-12-31-LH/.6468447179,37400,BNL,1.0,36367.0,1840.0,1.0284048725492891,panda.um.user.rqian.700325.Sh.DAOD_PHYS.e8351_s3681_r13167_p6490.2014-12-31-LH.log.581880935.581880935,,,direct,1,1.0,3059529198.0,1,3889541,0,0,0,0,0,0|40|36292|6|3|15
6492843801,2025-01-27 22:52:35,2025-01-27 22:53:05,2025-01-28 07:20:50,gridgk06.sdcc.bnl.gov:9619,1000,217,finished,user.ctian.mc23_13p6TeV.700791.Sh_2214_Zmumu_maxHTpTV2_CVetoB.j29.s0.23d.newbkgSys/.6492203541,30062,BNL,1.0,30465.0,30.0,0.9867717052355162,panda.um.user.ctian.mc23_13p6TeV.700791.Sh_2214_Zmumu_maxHTpTV2_CVetoB.j29.s0.23d.newbkgSys.log.585087410.585087410,,,direct,1,3.0,12313357071.0,2,1908572145,0,0,0,0,0,0|40|30362|26|3|18
6488613742,2025-01-23 03:14:48,2025-01-23 03:34:25,2025-01-23 11:15:48,gridgk04.sdcc.bnl.gov:9619,1001,1001,finished,user.hiito.mc20_13TeV.537928.MGPy8EG_bbH3000_tautaulh.deri.DAOD.e8531_s3797_r13145_p6490_V2/.6488613742,219692,BNL,1.0,221464.0,1177.0,0.9919986995629086,user.hiito.mc20_13TeV.537928.MGPy8EG_bbH3000_tautaulh.deri.DAOD.e8531_s3797_r13145_p6490_V2_EXT0.584528240.584528240,,,,8,5.0,37479460379.0,1,4618413312,0,0,0,0,0,0|375|27589|73|3|10
6495024745,2025-01-29 12:26:38,2025-01-29 12:27:01,2025-01-29 12:27:48,gridgk07.sdcc.bnl.gov:9619,5000,5000,finished,user.fnechans.yy2ww.data15_13TeV.datapick2.DAOD_STDM7.n0002_r13084_p5824.v54/.6494981030,29,BNL,1.0,47.0,23.0,0.6170212765957447,user.fnechans.yy2ww.data15_13TeV.datapick2.DAOD_STDM7.n0002_r13084_p5824.v54_hist.585295508.585295508,,,,1,3.0,160204.0,2,116405,0,0,0,0,0,0|2|22|5|0|6
6463705624,2025-01-02 21:10:51,2025-01-02 22:52:42,2025-01-02 23:00:33,gridgk07.sdcc.bnl.gov:9619,1000,-6057,finished,user.awarnerb.periodAllYear.physics_Main.DAOD_PHYS.grp18_v01_p6266.full_syst_SFs_010125/.6462633240,422,BNL,1.0,471.0,6111.0,0.8959660297239915,panda.um.user.awarnerb.periodAllYear.physics_Main.DAOD_PHYS.grp18_v01_p6266.full_syst_SFs_010125.log.581078065.581078065,,,direct,1,1.0,1266020869.0,1,37505,0,0,0,0,0,0|36|410|3|0|9
6478253895,2025-01-14 15:59:31,2025-01-14 16:56:29,2025-01-14 17:57:48,gridgk03.sdcc.bnl.gov:9619,1000,563,finished,user.hemoyano.tp-analyse-selection_run2_rel22-data18_13TeV-EGAM1-grp18_v01_p5535_DNN_MC_Run2_20250114_150547/.6478253895,3746,BNL,1.0,3679.0,3418.0,1.0182114705082903,panda.um.user.hemoyano.tp-analyse-selection_run2_rel22-data18_13TeV-EGAM1-grp18_v01_p5535_DNN_MC_Run2_20250114_150547.log.583185236.583185236,,,direct,1,10.0,3362506821.0,2,18184662,0,0,0,0,0,0|40|3614|6|3|9
6486423384,2025-01-21 00:53:36,2025-01-21 01:13:30,2025-01-21 01:17:19,gridgk06.sdcc.bnl.gov:9619,1000,-254,finished,user.ecarpent.tp-analyse-selection_rel24_tight_F_mrgd-data23_13p6TeV-EGAM1-grp23_v01_p5859_p_20250121_011610/.6486423384,173,BNL,1.0,229.0,1194.0,0.7554585152838428,panda.um.user.ecarpent.tp-analyse-selection_rel24_tight_F_mrgd-data23_13p6TeV-EGAM1-grp23_v01_p5859_p_20250121_011610.log.584211435.584211435,,,direct,1,5.0,938581261.0,2,12219,0,0,0,0,0,1|39|167|5|3|7
6489184681,2025-01-23 17:08:04,2025-01-23 19:32:40,2025-01-23 21:01:39,gridgk07.sdcc.bnl.gov:9619,1000,-410,finished,user.croland.BJESCalib.364704.e7142_s3681_r13167_p6490/.6489184681,5237,BNL,1.0,5339.0,8676.0,0.9808952987450832,user.croland.BJESCalib.364704.e7142_s3681_r13167_p6490_TREE.584590583.584590583,,,direct,1,1.0,4930470226.0,1,58676813,0,0,0,0,0,0|37|5277|7|3|8
6489465200,2025-01-24 00:19:32,2025-01-24 00:44:06,2025-01-24 06:13:56,gridgk04.sdcc.bnl.gov:9619,1000,333,finished,user.dallen.EJ_2025_01_23_T181016.data18_13TeV.periodAllYear.grp18_v01_p6266/.6489465200,19195,BNL,1.0,19790.0,1474.0,0.969934310257706,user.dallen.EJ_2025_01_23_T181016.data18_13TeV.periodAllYear.grp18_v01_p6266_TREE.584627301.584627301,,,direct,1,7.0,21329581599.0,1,33666,0,0,0,0,0,0|41|19723|6|3|10
6491831389,2025-01-27 03:30:48,2025-01-27 05:33:07,2025-01-27 21:13:45,gridgk07.sdcc.bnl.gov:9619,1000,-404,finished,user.aad.v8.data16_13TeV.periodAllYear.grp16_v01_p6266/.6491831389,54876,BNL,1.0,56438.0,7339.0,0.972323611750948,user.aad.v8.data16_13TeV.periodAllYear.grp16_v01_p6266_TREE.584573657.584573657,,,direct,1,7.0,7041039110.0,1,597390,0,0,0,0,0,0|42|56336|30|3|13
6463354037,2025-01-02 16:38:22,2025-01-02 16:44:26,2025-01-03 01:39:14,gridgk06.sdcc.bnl.gov:9619,1000,-16,finished,user.chpotter.700323.Zll_mumu_Bf.mc20a.v02/.6463354037,31813,BNL,1.0,32088.0,364.0,0.9914298180004988,panda.um.user.chpotter.700323.Zll_mumu_Bf.mc20a.v02.log.581064584.581064584,,,direct,1,23.0,52580460513.0,2,244328345,0,0,0,0,0,0|42|32015|10|0|4
6487472896,2025-01-22 00:09:41,2025-01-22 00:16:22,2025-01-22 02:09:02,gridgk07.sdcc.bnl.gov:9619,1000,316,finished,user.lvozdeck.700325.Sh.DAOD_PHYS.e8351_s3681_r13145_p6490.2025-01-21-v1/.6487472896,6623,BNL,1.0,6760.0,401.0,0.9797337278106508,panda.um.user.lvozdeck.700325.Sh.DAOD_PHYS.e8351_s3681_r13145_p6490.2025-01-21-v1.log.584375252.584375252,,,direct,1,5.0,23360319994.0,1,59465361,0,0,0,0,0,1|40|6680|8|0|14
6467670019,2025-01-06 02:55:18,2025-01-06 03:57:13,2025-01-06 04:28:09,gridgk03.sdcc.bnl.gov:9619,1000,657,finished,user.yiyu.ZCharm_v0106_Run2.512200.e8382_s3681_r13145_p6266/.6467670019,1853,BNL,1.0,1856.0,3715.0,0.9983836206896552,user.yiyu.ZCharm_v0106_Run2.512200.e8382_s3681_r13145_p6266_TREE.581755344.581755344,,,direct,1,1.0,5044736255.0,1,160516,0,0,0,0,0,0|36|1796|3|62|9
6469988031,2025-01-07 21:57:23,2025-01-07 21:58:28,2025-01-07 22:00:24,gridgk07.sdcc.bnl.gov:9619,5000,5000,finished,user.jbootsma.VHcc0L_results_WP90.R_0L_a_Merged_D_D.qqWlvHccJ_PP8/.6469961482,56,BNL,1.0,116.0,65.0,0.4827586206896552,user.jbootsma.VHcc0L_results_WP90.R_0L_a_Merged_D_D.qqWlvHccJ_PP8_hist.582175789.582175789,,,,1,2.0,3272163.0,1,3196507,0,0,0,0,0,1|6|66|4|0|26
6471408733,2025-01-09 00:07:48,2025-01-09 00:11:04,2025-01-09 06:51:20,gridgk06.sdcc.bnl.gov:9619,1000,-19,finished,user.gfrattar.VD_2025_01_08.700796.Sh_2214_Znunu_pTV2_CFilterBVeto.e8514_s4162_r14622/.6471408733,23579,BNL,1.0,24016.0,196.0,0.9818037974683544,user.gfrattar.VD_2025_01_08.700796.Sh_2214_Znunu_pTV2_CFilterBVeto.e8514_s4162_r14622_TREE.582236683.582236683,,,direct,1,4.0,33479775818.0,1,935263177,0,0,0,0,0,0|38|23903|11|0|52
6464768257,2025-01-03 13:09:21,2025-01-03 16:20:14,2025-01-04 01:29:48,gridgk04.sdcc.bnl.gov:9619,1000,-4080,finished,user.angianni.361106.PowhegPythia8EvtGen.DAOD_JETM6.e3601_s3126_r9364_p5315.2e_ou_2mu_mc16a_26dec24l2/.6464768257,33107,BNL,1.0,32974.0,11453.0,1.0040334809243647,panda.um.user.angianni.361106.PowhegPythia8EvtGen.DAOD_JETM6.e3601_s3126_r9364_p5315.2e_ou_2mu_mc16a_26dec24l2.log.581148099.581148099,,,direct,1,4.0,23893413650.0,1,15303231,0,0,0,0,0,0|42|32903|12|3|9
6486088768,2025-01-20 18:27:41,2025-01-20 21:33:53,2025-01-20 21:50:35,gridgk03.sdcc.bnl.gov:9619,1000,-276,finished,user.aknue.AllYear.physics_Main.DAOD_TOPQ1.grp17_v01_p4513.212282_V1b/.6486088768,956,BNL,1.0,1002.0,11172.0,0.9540918163672656,panda.um.user.aknue.AllYear.physics_Main.DAOD_TOPQ1.grp17_v01_p4513.212282_V1b.log.584179224.584179224,,,direct,1,10.0,6803324253.0,1,693221,0,0,0,0,0,0|41|943|4|3|6
6492690141,2025-01-27 20:36:18,2025-01-28 05:09:11,2025-01-28 07:36:10,gridgk04.sdcc.bnl.gov:9619,1000,-5144,finished,user.awarnerb.410470.DAOD_TOPQ1.e6337_s3126_r10724_p4514.R21-v3-00/.6492690141,8640,BNL,1.0,8819.0,30773.0,0.9797029141626036,panda.um.user.awarnerb.410470.DAOD_TOPQ1.e6337_s3126_r10724_p4514.R21-v3-00.log.585074973.585074973,,,direct,1,1.0,3550345937.0,1,168617091,0,0,0,0,0,0|40|8749|8|3|11
6479214123,2025-01-15 12:12:20,2025-01-15 12:14:35,2025-01-15 12:17:56,gridgk07.sdcc.bnl.gov:9619,5000,5000,finished,user.lzheng.mc23_13p6TeV.700791.Sh_2214_Zmumu_maxHTpTV2_CVetoB.j12.s0.23d.zmumu_sys_0114/.6478809805,99,BNL,1.0,201.0,135.0,0.4925373134328358,user.lzheng.mc23_13p6TeV.700791.Sh_2214_Zmumu_maxHTpTV2_CVetoB.j12.s0.23d.zmumu_sys_0114_ESXYZ_HmumuSR_XYZ.root.tgz.583239375.583239375,,,,1,6.0,3818494112.0,2,4148218111,0,0,0,0,0,0|43|121|63|0|7
6498820533,2025-02-01 03:37:28,2025-02-01 10:15:08,2025-02-01 18:41:40,gridgk07.sdcc.bnl.gov:9619,1000,-2263,finished,user.aad.v8p1_noJERMETMu.data17_13TeV.periodAllYear.grp17_v01_p6266/.6495488726,30990,BNL,1.0,30392.0,23860.0,1.0196762305869966,user.aad.v8p1_noJERMETMu.data17_13TeV.periodAllYear.grp17_v01_p6266_TREE.585383783.585383783,,,direct,1,16.0,9910006144.0,1,219670,0,0,0,0,0,0|41|30327|4|3|8
6496419500,2025-01-30 10:31:24,2025-01-30 12:13:23,2025-01-30 16:43:33,gridgk07.sdcc.bnl.gov:9619,1000,-2455,finished,user.awarnerb.346345.DAOD_TOPQ1.e7148_s3126_r10201_p4514.R21-v3-00/.6493762377,16352,BNL,1.0,16210.0,6119.0,1.008760024676126,panda.um.user.awarnerb.346345.DAOD_TOPQ1.e7148_s3126_r10201_p4514.R21-v3-00.log.585479689.585479689,,,direct,1,1.0,7947089241.0,1,660276951,0,0,0,0,0,1|41|16126|10|3|18
6482922265,2025-01-18 07:10:30,2025-01-18 07:19:11,2025-01-18 14:49:06,gridgk07.sdcc.bnl.gov:9619,1000,650,finished,user.gfrattar.v11.700770.Sh_2214_eegamma.e8514_s4162_r14622/.6482922265,26074,BNL,1.0,26995.0,521.0,0.965882570846453,user.gfrattar.v11.700770.Sh_2214_eegamma.e8514_s4162_r14622_TREE.583834384.583834384,,,direct,1,10.0,27687871348.0,1,782385125,0,0,0,0,0,0|41|26911|19|3|13
6477385940,2025-01-13 17:32:50,2025-01-13 19:08:05,2025-01-13 19:22:35,gridgk06.sdcc.bnl.gov:9619,1000,-225,finished,user.cescobar.mc16_13TeV.601487.PhPy8EG_tch_pThard1_lep_tbar.SGTOP1.e8435_a875_r10724_p6109.lj.v36/.6477385940,879,BNL,1.0,870.0,5715.0,1.0103448275862068,panda.um.user.cescobar.mc16_13TeV.601487.PhPy8EG_tch_pThard1_lep_tbar.SGTOP1.e8435_a875_r10724_p6109.lj.v36.log.583070294.583070294,,,,1,2.0,4577429920.0,2,12033127,0,0,0,0,0,0|48|840|6|0|8
6477396437,2025-01-13 17:40:42,2025-01-13 22:52:32,2025-01-14 23:01:31,gridgk04.sdcc.bnl.gov:9619,1000,-2048,finished,user.mfujimot.EJ_0_26_0_DefSyst_nFile1.701115.e8543_s4159_r15224_p6266/.6477396437,89372,BNL,1.0,86939.0,18710.0,1.0279851390055097,user.mfujimot.EJ_0_26_0_DefSyst_nFile1.701115.e8543_s4159_r15224_p6266_output-tree_HadHad.root.583072042.583072042,,,direct,1,1.0,2170733811.0,5,32033669,0,0,0,0,0,0|39|86857|16|3|12
6463538592,2025-01-02 19:38:46,2025-01-02 20:01:55,2025-01-02 20:06:50,gridgk03.sdcc.bnl.gov:9619,1000,-3085,finished,user.awarnerb.periodAllYear.physics_Main.DAOD_PHYS.grp16_v01_p6266.full_syst_SFs_010125/.6463538592,259,BNL,1.0,295.0,1389.0,0.8779661016949153,panda.um.user.awarnerb.periodAllYear.physics_Main.DAOD_PHYS.grp16_v01_p6266.full_syst_SFs_010125.log.581072812.581072812,,,direct,1,1.0,1161693347.0,1,34979,0,0,0,0,0,0|38|233|3|3|10
6471319545,2025-01-08 22:07:39,2025-01-08 22:15:26,2025-01-09 04:03:05,gridgk06.sdcc.bnl.gov:9619,1000,127,finished,user.rqian.407343.PhPy8EG.DAOD_PHYS.e6414_s3681_r13144_p6490.2014-12-31-DNN/.6471319545,21070,BNL,1.0,20859.0,467.0,1.010115537657606,panda.um.user.rqian.407343.PhPy8EG.DAOD_PHYS.e6414_s3681_r13144_p6490.2014-12-31-DNN.log.582356899.582356899,,,direct,1,1.0,4860919441.0,1,3271169,0,0,0,0,0,0|38|20790|7|3|8
6491903902,2025-01-27 06:16:03,2025-01-27 06:22:55,2025-01-27 07:22:28,gridgk04.sdcc.bnl.gov:9619,1000,134,finished,user.ctian.mc23_13p6TeV.700794.Sh_2214_Ztautau_maxHTpTV2_CVet.j108.s0.23d.eeCR4VBF/.6491903902,3272,BNL,1.0,3573.0,412.0,0.915757066890568,panda.um.user.ctian.mc23_13p6TeV.700794.Sh_2214_Ztautau_maxHTpTV2_CVet.j108.s0.23d.eeCR4VBF.log.584927239.584927239,,,direct,1,6.0,24470441109.0,2,130490,0,0,0,0,0,0|40|3505|6|3|10
6465211772,2025-01-03 23:26:52,2025-01-03 23:28:38,2025-01-04 00:30:35,gridgk07.sdcc.bnl.gov:9619,1000,504,finished,user.jkeller.mc16_13TeV.364126.CAOD_HIGG5D2.e5299_s3126_r10201_p4308.33-24-VBFWH_05/.6465211772,3785,BNL,1.0,3717.0,106.0,1.018294323379069,panda.um.user.jkeller.mc16_13TeV.364126.CAOD_HIGG5D2.e5299_s3126_r10201_p4308.33-24-VBFWH_05.log.581230771.581230771,,,direct,1,1.0,7728823379.0,2,61382824,0,0,0,0,0,0|39|3640|7|3|16
6487176686,2025-01-21 18:25:49,2025-01-21 22:57:49,2025-01-21 23:42:03,gridgk03.sdcc.bnl.gov:9619,1000,-1129,finished,user.yesenia.mc23_13p6TeV.HWW.Bkg_mc23d.merge.PAOD_2L.NbjetsAtleast2.p6266_v5_bJets_pT10_Eta2.5/.6487176686,2354,BNL,1.0,2654.0,16320.0,0.8869630746043707,panda.um.user.yesenia.mc23_13p6TeV.HWW.Bkg_mc23d.merge.PAOD_2L.NbjetsAtleast2.p6266_v5_bJets_pT10_Eta2.5.log.584330293.584330293,,,direct,1,3.0,12683557399.0,1,2734181,0,0,0,0,0,0|41|2591|4|3|9
6486785762,2025-01-21 11:38:57,2025-01-21 11:40:28,2025-01-21 13:37:30,gridgk03.sdcc.bnl.gov:9619,1001,1001,finished,user.ademaria.Htt_T01.mc20_13TeV.364707.Py8_jetjet_JZ7WithSW.PHYS.r13144_p6490.n_0/.6486785762,6636,BNL,1.0,7022.0,91.0,0.9450299060096838,panda.um.user.ademaria.Htt_T01.mc20_13TeV.364707.Py8_jetjet_JZ7WithSW.PHYS.r13144_p6490.n_0.log.584259018.584259018,,,direct,1,5.0,27203590635.0,2,212962,0,0,0,0,0,0|38|6945|6|63|22
6480976573,2025-01-16 17:43:29,2025-01-16 17:49:38,2025-01-16 17:52:25,gridgk06.sdcc.bnl.gov:9619,5000,5000,finished,user.rquinn.mc20_13TeV.410470.PP8_ttbar_nonallhad.PHYS.e6337_s3681_r13167_r13146_p6266.p08-1/.6479281002,87,BNL,1.0,167.0,369.0,0.5209580838323353,user.rquinn.mc20_13TeV.410470.PP8_ttbar_nonallhad.PHYS.e6337_s3681_r13167_r13146_p6266.p08-1_output.583091321.583091321,,,,1,10.0,3566451765.0,1,3565706842,0,0,0,0,0,1|42|91|56|3|9
6477730783,2025-01-14 00:25:09,2025-01-14 00:26:17,2025-01-14 00:27:30,gridgk04.sdcc.bnl.gov:9619,5000,5000,finished,user.rquinn.mc20_13TeV.700349.Sh_2211_Wtaunu_H_max.PHYS.e8351_s3681_r13145_r13146_p6266.p08-1/.6476500633,28,BNL,1.0,73.0,68.0,0.3835616438356164,user.rquinn.mc20_13TeV.700349.Sh_2211_Wtaunu_H_max.PHYS.e8351_s3681_r13145_r13146_p6266.p08-1_output.583045431.583045431,,,,1,2.0,983771.0,1,572016,0,0,0,0,0,0|2|29|6|0|20
6496008686,2025-01-30 03:36:44,2025-01-30 06:54:59,2025-01-30 15:28:12,gridgk04.sdcc.bnl.gov:9619,1000,-2112,finished,user.ewoodwar.data22_13p6TeV.periodAllYear.physics_Main.PhysCont.data22_ntuples_v2.0_test_25.2.39_/.6496008686,31872,BNL,1.0,30793.0,11895.0,1.0350404312668464,panda.um.user.ewoodwar.data22_13p6TeV.periodAllYear.physics_Main.PhysCont.data22_ntuples_v2.0_test_25.2.39_.log.585443375.585443375,,,direct,1,1.0,6416617318.0,3,10159927,0,0,0,0,0,0|40|30717|11|3|13
6492029765,2025-01-27 08:47:35,2025-01-27 12:23:57,2025-01-27 14:36:49,gridgk04.sdcc.bnl.gov:9619,1000,-634,finished,user.ctian.mc23_13p6TeV.700791.Sh_2214_Zmumu_maxHTpTV2_CVetoB.j29.s5.23d.newbkgSys/.6492029765,8151,BNL,1.0,7972.0,12982.0,1.0224535875564476,panda.um.user.ctian.mc23_13p6TeV.700791.Sh_2214_Zmumu_maxHTpTV2_CVetoB.j29.s5.23d.newbkgSys.log.584934457.584934457,,,direct,1,3.0,6996485974.0,2,531694652,0,0,0,0,0,0|39|7897|11|0|9
6463418598,2025-01-02 18:03:25,2025-01-02 18:25:41,2025-01-02 18:49:57,gridgk06.sdcc.bnl.gov:9619,1000,147,finished,user.minlin.easybc_TopCR_mc23a_v1.701105.e8543_s4162_r14622_p6266/.6463418598,1433,BNL,1.0,1456.0,1336.0,0.9842032967032966,user.minlin.easybc_TopCR_mc23a_v1.701105.e8543_s4162_r14622_p6266_TREE.581068287.581068287,,,direct,1,1.0,3056356164.0,1,795870,0,0,0,0,0,0|36|1399|4|2|7
